question,sentence,judge_verdict,my_verdict,passages
What should I do after being discharged with heart failure?,"After being discharged with heart failure, you should follow a cardiac rehabilitation plan.",1,,"Topic: Heart Attack
Heart Attack (also called: MI, Myocardial infarction): At the hospital, health care providers make a diagnosis based on your symptoms, blood tests, and different heart health tests . Treatments may include medicines and medical procedures such as coronary angioplasty . After a heart attack, cardiac rehabilitation and lifestyle changes can help you recover.

NIH: National Heart, Lung, and Blood Institute

---

Topic: Cardiac Rehabilitation
Cardiac Rehabilitation: A heart valve repair or replacement

A heart transplant or a lung transplant

Angina

Heart failure

The goal is to help you return to an active life, and to reduce the risk of further heart problems. A team of specialists will create a plan for you that includes exercise training, education on heart healthy living, and counseling to reduce stress. You will learn how to reduce your risk factors, such as high blood pressure, high blood cholesterol, depression, and diabetes. Being overweight, having obesity, smoking, and not exercising are other risk factors.

---

Topic: Heart Failure
Heart Failure (also called: CHF, Cardiac failure, Congestive heart failure, Left-sided heart failure): Your heart doctor recommends a heart transplant because your heart failure is life-threatening and nothing else is helping.

As part of your treatment, you'll need to pay close attention to your symptoms, because heart failure can worsen suddenly. Your provider may suggest a cardiac rehabilitation program to help you learn how to manage your condition.

---

Topic: Heart Failure
Heart Failure (also called: CHF, Cardiac failure, Congestive heart failure, Left-sided heart failure): Making other changes, such as quitting smoking , managing stress , and getting as much physical activity as your provider recommends

Treating any conditions that may make heart failure worse

You may need heart surgery if:

---

Topic: Respiratory Failure
Respiratory Failure: Acute respiratory failure can be a medical emergency. You may need treatment in intensive care unit at a hospital. Chronic respiratory failure can often be treated at home. But if your chronic respiratory failure is severe, you might need treatment in a long-term care center.

One of the main goals of treatment is to get oxygen to your lungs and other organs and remove carbon dioxide from your body. Another goal is to treat the cause of the condition. Treatments may include:"
What should I do after being discharged with heart failure?,"This includes exercise training, education on heart-healthy living, and counseling to reduce stress .",1,,"Topic: Heart Attack
Heart Attack (also called: MI, Myocardial infarction): At the hospital, health care providers make a diagnosis based on your symptoms, blood tests, and different heart health tests . Treatments may include medicines and medical procedures such as coronary angioplasty . After a heart attack, cardiac rehabilitation and lifestyle changes can help you recover.

NIH: National Heart, Lung, and Blood Institute

---

Topic: Cardiac Rehabilitation
Cardiac Rehabilitation: A heart valve repair or replacement

A heart transplant or a lung transplant

Angina

Heart failure

The goal is to help you return to an active life, and to reduce the risk of further heart problems. A team of specialists will create a plan for you that includes exercise training, education on heart healthy living, and counseling to reduce stress. You will learn how to reduce your risk factors, such as high blood pressure, high blood cholesterol, depression, and diabetes. Being overweight, having obesity, smoking, and not exercising are other risk factors.

---

Topic: Heart Failure
Heart Failure (also called: CHF, Cardiac failure, Congestive heart failure, Left-sided heart failure): Your heart doctor recommends a heart transplant because your heart failure is life-threatening and nothing else is helping.

As part of your treatment, you'll need to pay close attention to your symptoms, because heart failure can worsen suddenly. Your provider may suggest a cardiac rehabilitation program to help you learn how to manage your condition.

---

Topic: Heart Failure
Heart Failure (also called: CHF, Cardiac failure, Congestive heart failure, Left-sided heart failure): Making other changes, such as quitting smoking , managing stress , and getting as much physical activity as your provider recommends

Treating any conditions that may make heart failure worse

You may need heart surgery if:

---

Topic: Respiratory Failure
Respiratory Failure: Acute respiratory failure can be a medical emergency. You may need treatment in intensive care unit at a hospital. Chronic respiratory failure can often be treated at home. But if your chronic respiratory failure is severe, you might need treatment in a long-term care center.

One of the main goals of treatment is to get oxygen to your lungs and other organs and remove carbon dioxide from your body. Another goal is to treat the cause of the condition. Treatments may include:"
What should I do after being discharged with heart failure?,"You will learn how to manage your condition and make other changes such as quitting smoking, managing stress, and getting recommended physical activity .",1,,"Topic: Heart Attack
Heart Attack (also called: MI, Myocardial infarction): At the hospital, health care providers make a diagnosis based on your symptoms, blood tests, and different heart health tests . Treatments may include medicines and medical procedures such as coronary angioplasty . After a heart attack, cardiac rehabilitation and lifestyle changes can help you recover.

NIH: National Heart, Lung, and Blood Institute

---

Topic: Cardiac Rehabilitation
Cardiac Rehabilitation: A heart valve repair or replacement

A heart transplant or a lung transplant

Angina

Heart failure

The goal is to help you return to an active life, and to reduce the risk of further heart problems. A team of specialists will create a plan for you that includes exercise training, education on heart healthy living, and counseling to reduce stress. You will learn how to reduce your risk factors, such as high blood pressure, high blood cholesterol, depression, and diabetes. Being overweight, having obesity, smoking, and not exercising are other risk factors.

---

Topic: Heart Failure
Heart Failure (also called: CHF, Cardiac failure, Congestive heart failure, Left-sided heart failure): Your heart doctor recommends a heart transplant because your heart failure is life-threatening and nothing else is helping.

As part of your treatment, you'll need to pay close attention to your symptoms, because heart failure can worsen suddenly. Your provider may suggest a cardiac rehabilitation program to help you learn how to manage your condition.

---

Topic: Heart Failure
Heart Failure (also called: CHF, Cardiac failure, Congestive heart failure, Left-sided heart failure): Making other changes, such as quitting smoking , managing stress , and getting as much physical activity as your provider recommends

Treating any conditions that may make heart failure worse

You may need heart surgery if:

---

Topic: Respiratory Failure
Respiratory Failure: Acute respiratory failure can be a medical emergency. You may need treatment in intensive care unit at a hospital. Chronic respiratory failure can often be treated at home. But if your chronic respiratory failure is severe, you might need treatment in a long-term care center.

One of the main goals of treatment is to get oxygen to your lungs and other organs and remove carbon dioxide from your body. Another goal is to treat the cause of the condition. Treatments may include:"
What should I do after being discharged with heart failure?,"Additionally, you may need to treat any conditions that may worsen heart failure .",1,,"Topic: Heart Attack
Heart Attack (also called: MI, Myocardial infarction): At the hospital, health care providers make a diagnosis based on your symptoms, blood tests, and different heart health tests . Treatments may include medicines and medical procedures such as coronary angioplasty . After a heart attack, cardiac rehabilitation and lifestyle changes can help you recover.

NIH: National Heart, Lung, and Blood Institute

---

Topic: Cardiac Rehabilitation
Cardiac Rehabilitation: A heart valve repair or replacement

A heart transplant or a lung transplant

Angina

Heart failure

The goal is to help you return to an active life, and to reduce the risk of further heart problems. A team of specialists will create a plan for you that includes exercise training, education on heart healthy living, and counseling to reduce stress. You will learn how to reduce your risk factors, such as high blood pressure, high blood cholesterol, depression, and diabetes. Being overweight, having obesity, smoking, and not exercising are other risk factors.

---

Topic: Heart Failure
Heart Failure (also called: CHF, Cardiac failure, Congestive heart failure, Left-sided heart failure): Your heart doctor recommends a heart transplant because your heart failure is life-threatening and nothing else is helping.

As part of your treatment, you'll need to pay close attention to your symptoms, because heart failure can worsen suddenly. Your provider may suggest a cardiac rehabilitation program to help you learn how to manage your condition.

---

Topic: Heart Failure
Heart Failure (also called: CHF, Cardiac failure, Congestive heart failure, Left-sided heart failure): Making other changes, such as quitting smoking , managing stress , and getting as much physical activity as your provider recommends

Treating any conditions that may make heart failure worse

You may need heart surgery if:

---

Topic: Respiratory Failure
Respiratory Failure: Acute respiratory failure can be a medical emergency. You may need treatment in intensive care unit at a hospital. Chronic respiratory failure can often be treated at home. But if your chronic respiratory failure is severe, you might need treatment in a long-term care center.

One of the main goals of treatment is to get oxygen to your lungs and other organs and remove carbon dioxide from your body. Another goal is to treat the cause of the condition. Treatments may include:"
What should I do after being discharged with heart failure?,It's important to pay close attention to your symptoms because heart failure can worsen suddenly .,1,,"Topic: Heart Attack
Heart Attack (also called: MI, Myocardial infarction): At the hospital, health care providers make a diagnosis based on your symptoms, blood tests, and different heart health tests . Treatments may include medicines and medical procedures such as coronary angioplasty . After a heart attack, cardiac rehabilitation and lifestyle changes can help you recover.

NIH: National Heart, Lung, and Blood Institute

---

Topic: Cardiac Rehabilitation
Cardiac Rehabilitation: A heart valve repair or replacement

A heart transplant or a lung transplant

Angina

Heart failure

The goal is to help you return to an active life, and to reduce the risk of further heart problems. A team of specialists will create a plan for you that includes exercise training, education on heart healthy living, and counseling to reduce stress. You will learn how to reduce your risk factors, such as high blood pressure, high blood cholesterol, depression, and diabetes. Being overweight, having obesity, smoking, and not exercising are other risk factors.

---

Topic: Heart Failure
Heart Failure (also called: CHF, Cardiac failure, Congestive heart failure, Left-sided heart failure): Your heart doctor recommends a heart transplant because your heart failure is life-threatening and nothing else is helping.

As part of your treatment, you'll need to pay close attention to your symptoms, because heart failure can worsen suddenly. Your provider may suggest a cardiac rehabilitation program to help you learn how to manage your condition.

---

Topic: Heart Failure
Heart Failure (also called: CHF, Cardiac failure, Congestive heart failure, Left-sided heart failure): Making other changes, such as quitting smoking , managing stress , and getting as much physical activity as your provider recommends

Treating any conditions that may make heart failure worse

You may need heart surgery if:

---

Topic: Respiratory Failure
Respiratory Failure: Acute respiratory failure can be a medical emergency. You may need treatment in intensive care unit at a hospital. Chronic respiratory failure can often be treated at home. But if your chronic respiratory failure is severe, you might need treatment in a long-term care center.

One of the main goals of treatment is to get oxygen to your lungs and other organs and remove carbon dioxide from your body. Another goal is to treat the cause of the condition. Treatments may include:"
What should I do after being discharged with heart failure?,Always consult with your healthcare provider for personalized advice.,1,,"Topic: Heart Attack
Heart Attack (also called: MI, Myocardial infarction): At the hospital, health care providers make a diagnosis based on your symptoms, blood tests, and different heart health tests . Treatments may include medicines and medical procedures such as coronary angioplasty . After a heart attack, cardiac rehabilitation and lifestyle changes can help you recover.

NIH: National Heart, Lung, and Blood Institute

---

Topic: Cardiac Rehabilitation
Cardiac Rehabilitation: A heart valve repair or replacement

A heart transplant or a lung transplant

Angina

Heart failure

The goal is to help you return to an active life, and to reduce the risk of further heart problems. A team of specialists will create a plan for you that includes exercise training, education on heart healthy living, and counseling to reduce stress. You will learn how to reduce your risk factors, such as high blood pressure, high blood cholesterol, depression, and diabetes. Being overweight, having obesity, smoking, and not exercising are other risk factors.

---

Topic: Heart Failure
Heart Failure (also called: CHF, Cardiac failure, Congestive heart failure, Left-sided heart failure): Your heart doctor recommends a heart transplant because your heart failure is life-threatening and nothing else is helping.

As part of your treatment, you'll need to pay close attention to your symptoms, because heart failure can worsen suddenly. Your provider may suggest a cardiac rehabilitation program to help you learn how to manage your condition.

---

Topic: Heart Failure
Heart Failure (also called: CHF, Cardiac failure, Congestive heart failure, Left-sided heart failure): Making other changes, such as quitting smoking , managing stress , and getting as much physical activity as your provider recommends

Treating any conditions that may make heart failure worse

You may need heart surgery if:

---

Topic: Respiratory Failure
Respiratory Failure: Acute respiratory failure can be a medical emergency. You may need treatment in intensive care unit at a hospital. Chronic respiratory failure can often be treated at home. But if your chronic respiratory failure is severe, you might need treatment in a long-term care center.

One of the main goals of treatment is to get oxygen to your lungs and other organs and remove carbon dioxide from your body. Another goal is to treat the cause of the condition. Treatments may include:"
What should I do after being discharged with heart failure?,"I don't have reliable information to answer about oxygen treatment or long-term care centers, as those are related to respiratory failure, not heart failure .",1,,"Topic: Heart Attack
Heart Attack (also called: MI, Myocardial infarction): At the hospital, health care providers make a diagnosis based on your symptoms, blood tests, and different heart health tests . Treatments may include medicines and medical procedures such as coronary angioplasty . After a heart attack, cardiac rehabilitation and lifestyle changes can help you recover.

NIH: National Heart, Lung, and Blood Institute

---

Topic: Cardiac Rehabilitation
Cardiac Rehabilitation: A heart valve repair or replacement

A heart transplant or a lung transplant

Angina

Heart failure

The goal is to help you return to an active life, and to reduce the risk of further heart problems. A team of specialists will create a plan for you that includes exercise training, education on heart healthy living, and counseling to reduce stress. You will learn how to reduce your risk factors, such as high blood pressure, high blood cholesterol, depression, and diabetes. Being overweight, having obesity, smoking, and not exercising are other risk factors.

---

Topic: Heart Failure
Heart Failure (also called: CHF, Cardiac failure, Congestive heart failure, Left-sided heart failure): Your heart doctor recommends a heart transplant because your heart failure is life-threatening and nothing else is helping.

As part of your treatment, you'll need to pay close attention to your symptoms, because heart failure can worsen suddenly. Your provider may suggest a cardiac rehabilitation program to help you learn how to manage your condition.

---

Topic: Heart Failure
Heart Failure (also called: CHF, Cardiac failure, Congestive heart failure, Left-sided heart failure): Making other changes, such as quitting smoking , managing stress , and getting as much physical activity as your provider recommends

Treating any conditions that may make heart failure worse

You may need heart surgery if:

---

Topic: Respiratory Failure
Respiratory Failure: Acute respiratory failure can be a medical emergency. You may need treatment in intensive care unit at a hospital. Chronic respiratory failure can often be treated at home. But if your chronic respiratory failure is severe, you might need treatment in a long-term care center.

One of the main goals of treatment is to get oxygen to your lungs and other organs and remove carbon dioxide from your body. Another goal is to treat the cause of the condition. Treatments may include:"
How do I take care of a surgical wound at home?,"To take care of a surgical wound at home, you should:

1.",0,,"Topic: Knee Replacement
Knee Replacement (also called: Knee arthroplasty): Some people go home the same day they have surgery. Other people will stay in the hospital a few days. To help prevent blood clots , you'll most likely take blood thinners and wear special socks or coverings on your legs for a short time after surgery.

The success of your surgery depends a lot on what you do at home to help yourself recover. A physical therapist will teach you exercises to make your knee stronger and help it bend. It is important to do these exercises regularly. You may need to use a cane or walker for several weeks after the surgery. It will probably also be several weeks before you can drive. Your doctor will tell you when you can start driving again.

---

Topic: First Aid
First Aid: You can also learn to handle common injuries and wounds . Cuts and scrapes, for example, should be rinsed with cool water. To stop bleeding, apply firm but gentle pressure, using gauze. If blood soaks through, add more gauze, keeping the first layer in place. Continue to apply pressure.

---

Topic: Sepsis
Sepsis: Treating the source of the infection.

If needed, medicines to increase blood pressure.

In serious cases, you might need kidney dialysis or a breathing tube. Some people need surgery to remove tissue damaged by the infection.

---

Topic: Patient Safety
Patient Safety: Ask questions if you have doubts or concerns. Take a relative or friend to your doctor appointment to help you ask questions and understand answers.

Make sure you understand what will happen if you need surgery

---

Topic: Wounds and Injuries
Wounds and Injuries (also called: Traumatic injuries): Wounds are injuries that break the skin or other body tissues. They include cuts, scrapes, scratches, and punctured skin. They often happen because of an accident, but surgery, sutures, and stitches also cause wounds. Minor wounds usually aren't serious, but it is important to clean them. Serious and infected wounds may require first aid followed by a visit to your doctor. You should also seek attention if the wound is deep, you cannot close it yourself, you cannot stop the bleeding or get the dirt out, or it does not heal.

Other common types of injuries include:

Animal bites

Bruises

Burns

Dislocations

Electrical injuries

Fractures (broken bones)

Sprains and strains"
How do I take care of a surgical wound at home?,Clean the wound as instructed by your healthcare provider .,1,,"Topic: Knee Replacement
Knee Replacement (also called: Knee arthroplasty): Some people go home the same day they have surgery. Other people will stay in the hospital a few days. To help prevent blood clots , you'll most likely take blood thinners and wear special socks or coverings on your legs for a short time after surgery.

The success of your surgery depends a lot on what you do at home to help yourself recover. A physical therapist will teach you exercises to make your knee stronger and help it bend. It is important to do these exercises regularly. You may need to use a cane or walker for several weeks after the surgery. It will probably also be several weeks before you can drive. Your doctor will tell you when you can start driving again.

---

Topic: First Aid
First Aid: You can also learn to handle common injuries and wounds . Cuts and scrapes, for example, should be rinsed with cool water. To stop bleeding, apply firm but gentle pressure, using gauze. If blood soaks through, add more gauze, keeping the first layer in place. Continue to apply pressure.

---

Topic: Sepsis
Sepsis: Treating the source of the infection.

If needed, medicines to increase blood pressure.

In serious cases, you might need kidney dialysis or a breathing tube. Some people need surgery to remove tissue damaged by the infection.

---

Topic: Patient Safety
Patient Safety: Ask questions if you have doubts or concerns. Take a relative or friend to your doctor appointment to help you ask questions and understand answers.

Make sure you understand what will happen if you need surgery

---

Topic: Wounds and Injuries
Wounds and Injuries (also called: Traumatic injuries): Wounds are injuries that break the skin or other body tissues. They include cuts, scrapes, scratches, and punctured skin. They often happen because of an accident, but surgery, sutures, and stitches also cause wounds. Minor wounds usually aren't serious, but it is important to clean them. Serious and infected wounds may require first aid followed by a visit to your doctor. You should also seek attention if the wound is deep, you cannot close it yourself, you cannot stop the bleeding or get the dirt out, or it does not heal.

Other common types of injuries include:

Animal bites

Bruises

Burns

Dislocations

Electrical injuries

Fractures (broken bones)

Sprains and strains"
How do I take care of a surgical wound at home?,Apply gauze to stop bleeding and apply firm but gentle pressure if needed .,1,,"Topic: Knee Replacement
Knee Replacement (also called: Knee arthroplasty): Some people go home the same day they have surgery. Other people will stay in the hospital a few days. To help prevent blood clots , you'll most likely take blood thinners and wear special socks or coverings on your legs for a short time after surgery.

The success of your surgery depends a lot on what you do at home to help yourself recover. A physical therapist will teach you exercises to make your knee stronger and help it bend. It is important to do these exercises regularly. You may need to use a cane or walker for several weeks after the surgery. It will probably also be several weeks before you can drive. Your doctor will tell you when you can start driving again.

---

Topic: First Aid
First Aid: You can also learn to handle common injuries and wounds . Cuts and scrapes, for example, should be rinsed with cool water. To stop bleeding, apply firm but gentle pressure, using gauze. If blood soaks through, add more gauze, keeping the first layer in place. Continue to apply pressure.

---

Topic: Sepsis
Sepsis: Treating the source of the infection.

If needed, medicines to increase blood pressure.

In serious cases, you might need kidney dialysis or a breathing tube. Some people need surgery to remove tissue damaged by the infection.

---

Topic: Patient Safety
Patient Safety: Ask questions if you have doubts or concerns. Take a relative or friend to your doctor appointment to help you ask questions and understand answers.

Make sure you understand what will happen if you need surgery

---

Topic: Wounds and Injuries
Wounds and Injuries (also called: Traumatic injuries): Wounds are injuries that break the skin or other body tissues. They include cuts, scrapes, scratches, and punctured skin. They often happen because of an accident, but surgery, sutures, and stitches also cause wounds. Minor wounds usually aren't serious, but it is important to clean them. Serious and infected wounds may require first aid followed by a visit to your doctor. You should also seek attention if the wound is deep, you cannot close it yourself, you cannot stop the bleeding or get the dirt out, or it does not heal.

Other common types of injuries include:

Animal bites

Bruises

Burns

Dislocations

Electrical injuries

Fractures (broken bones)

Sprains and strains"
How do I take care of a surgical wound at home?,Take any blood thinners prescribed by your doctor to prevent blood clots .,1,,"Topic: Knee Replacement
Knee Replacement (also called: Knee arthroplasty): Some people go home the same day they have surgery. Other people will stay in the hospital a few days. To help prevent blood clots , you'll most likely take blood thinners and wear special socks or coverings on your legs for a short time after surgery.

The success of your surgery depends a lot on what you do at home to help yourself recover. A physical therapist will teach you exercises to make your knee stronger and help it bend. It is important to do these exercises regularly. You may need to use a cane or walker for several weeks after the surgery. It will probably also be several weeks before you can drive. Your doctor will tell you when you can start driving again.

---

Topic: First Aid
First Aid: You can also learn to handle common injuries and wounds . Cuts and scrapes, for example, should be rinsed with cool water. To stop bleeding, apply firm but gentle pressure, using gauze. If blood soaks through, add more gauze, keeping the first layer in place. Continue to apply pressure.

---

Topic: Sepsis
Sepsis: Treating the source of the infection.

If needed, medicines to increase blood pressure.

In serious cases, you might need kidney dialysis or a breathing tube. Some people need surgery to remove tissue damaged by the infection.

---

Topic: Patient Safety
Patient Safety: Ask questions if you have doubts or concerns. Take a relative or friend to your doctor appointment to help you ask questions and understand answers.

Make sure you understand what will happen if you need surgery

---

Topic: Wounds and Injuries
Wounds and Injuries (also called: Traumatic injuries): Wounds are injuries that break the skin or other body tissues. They include cuts, scrapes, scratches, and punctured skin. They often happen because of an accident, but surgery, sutures, and stitches also cause wounds. Minor wounds usually aren't serious, but it is important to clean them. Serious and infected wounds may require first aid followed by a visit to your doctor. You should also seek attention if the wound is deep, you cannot close it yourself, you cannot stop the bleeding or get the dirt out, or it does not heal.

Other common types of injuries include:

Animal bites

Bruises

Burns

Dislocations

Electrical injuries

Fractures (broken bones)

Sprains and strains"
How do I take care of a surgical wound at home?,Follow the exercises taught by a physical therapist to help your wound heal and make your knee stronger .,0,,"Topic: Knee Replacement
Knee Replacement (also called: Knee arthroplasty): Some people go home the same day they have surgery. Other people will stay in the hospital a few days. To help prevent blood clots , you'll most likely take blood thinners and wear special socks or coverings on your legs for a short time after surgery.

The success of your surgery depends a lot on what you do at home to help yourself recover. A physical therapist will teach you exercises to make your knee stronger and help it bend. It is important to do these exercises regularly. You may need to use a cane or walker for several weeks after the surgery. It will probably also be several weeks before you can drive. Your doctor will tell you when you can start driving again.

---

Topic: First Aid
First Aid: You can also learn to handle common injuries and wounds . Cuts and scrapes, for example, should be rinsed with cool water. To stop bleeding, apply firm but gentle pressure, using gauze. If blood soaks through, add more gauze, keeping the first layer in place. Continue to apply pressure.

---

Topic: Sepsis
Sepsis: Treating the source of the infection.

If needed, medicines to increase blood pressure.

In serious cases, you might need kidney dialysis or a breathing tube. Some people need surgery to remove tissue damaged by the infection.

---

Topic: Patient Safety
Patient Safety: Ask questions if you have doubts or concerns. Take a relative or friend to your doctor appointment to help you ask questions and understand answers.

Make sure you understand what will happen if you need surgery

---

Topic: Wounds and Injuries
Wounds and Injuries (also called: Traumatic injuries): Wounds are injuries that break the skin or other body tissues. They include cuts, scrapes, scratches, and punctured skin. They often happen because of an accident, but surgery, sutures, and stitches also cause wounds. Minor wounds usually aren't serious, but it is important to clean them. Serious and infected wounds may require first aid followed by a visit to your doctor. You should also seek attention if the wound is deep, you cannot close it yourself, you cannot stop the bleeding or get the dirt out, or it does not heal.

Other common types of injuries include:

Animal bites

Bruises

Burns

Dislocations

Electrical injuries

Fractures (broken bones)

Sprains and strains"
How do I take care of a surgical wound at home?,"Ask questions if you have doubts or concerns, and take a relative or friend to your doctor appointments to help you understand answers .",1,,"Topic: Knee Replacement
Knee Replacement (also called: Knee arthroplasty): Some people go home the same day they have surgery. Other people will stay in the hospital a few days. To help prevent blood clots , you'll most likely take blood thinners and wear special socks or coverings on your legs for a short time after surgery.

The success of your surgery depends a lot on what you do at home to help yourself recover. A physical therapist will teach you exercises to make your knee stronger and help it bend. It is important to do these exercises regularly. You may need to use a cane or walker for several weeks after the surgery. It will probably also be several weeks before you can drive. Your doctor will tell you when you can start driving again.

---

Topic: First Aid
First Aid: You can also learn to handle common injuries and wounds . Cuts and scrapes, for example, should be rinsed with cool water. To stop bleeding, apply firm but gentle pressure, using gauze. If blood soaks through, add more gauze, keeping the first layer in place. Continue to apply pressure.

---

Topic: Sepsis
Sepsis: Treating the source of the infection.

If needed, medicines to increase blood pressure.

In serious cases, you might need kidney dialysis or a breathing tube. Some people need surgery to remove tissue damaged by the infection.

---

Topic: Patient Safety
Patient Safety: Ask questions if you have doubts or concerns. Take a relative or friend to your doctor appointment to help you ask questions and understand answers.

Make sure you understand what will happen if you need surgery

---

Topic: Wounds and Injuries
Wounds and Injuries (also called: Traumatic injuries): Wounds are injuries that break the skin or other body tissues. They include cuts, scrapes, scratches, and punctured skin. They often happen because of an accident, but surgery, sutures, and stitches also cause wounds. Minor wounds usually aren't serious, but it is important to clean them. Serious and infected wounds may require first aid followed by a visit to your doctor. You should also seek attention if the wound is deep, you cannot close it yourself, you cannot stop the bleeding or get the dirt out, or it does not heal.

Other common types of injuries include:

Animal bites

Bruises

Burns

Dislocations

Electrical injuries

Fractures (broken bones)

Sprains and strains"
What foods should I avoid with high blood sugar?,"To control your blood glucose levels, you should limit high-carb foods and drinks such as sugary foods like candy, cookies, cake, ice cream, sweetened cereals, canned fruits with added sugar, drinks with added sugars like juice, regular soda, and regular sports or energy drinks .",1,,"Topic: Diabetic Diet
Diabetic Diet (also called: Diabetic meal plan): Proteins , such as lean meats, chicken, turkey, fish, eggs, nuts, beans, lentils, and tofu

Nonfat or low-fat dairy , such as milk, yogurt, and cheese

What foods should I limit to control my blood glucose?

---

Topic: Diabetic Diet
Diabetic Diet (also called: Diabetic meal plan): The foods and drinks you should limit include:

High-carb foods and drinks , such as:

Sugary foods, such as candy, cookies, cake, ice cream, sweetened cereals, and canned fruits with added sugar

Drinks with added sugars, such as juice, regular soda, and regular sports or energy drinks

---

Topic: Hyperglycemia
Hyperglycemia (also called: High blood glucose, High blood sugar): Can hyperglycemia be prevented?

If you have diabetes, managing your diabetes can help prevent hyperglycemia. To manage your diabetes, it's important to:

Follow your diabetes meal plan

Get regular physical activity

Get regular physical activity

If you need diabetes medicines, take them correctly

Regularly check your blood glucose level

Get regular checkups with your health care team

---

Topic: Hyperglycemia
Hyperglycemia (also called: High blood glucose, High blood sugar): A key part of managing diabetes is controlling your blood glucose levels. To do this, you need to follow a diabetes meal plan and get regular physical activity . You might also need to take diabetes medicines . You have to balance all of these to keep your blood glucose at the right levels. But if you eat too much food or the wrong foods, don't take your medicines correctly, or don't get physical activity, you can get hyperglycemia. It can also happen if you are stressed or sick.

Less commonly, people who don't have diabetes can also get hyperglycemia. It can be caused by conditions that can affect insulin or glucose levels in your blood. They include problems with your pancreas or adrenal glands , certain medicines, and severe illnesses.

---

Topic: How to Prevent Diabetes
How to Prevent Diabetes: Follow a healthy eating plan. It is important to reduce the amount of calories you eat and drink each day, so you can lose weight and keep it off. To do that, your diet should include smaller portions and less fat and sugar. You should also eat a variety of foods from each food group, including plenty of whole grains, fruits, and vegetables. It's also a good idea to limit red meat and avoid processed meats.

Get regular exercise. Being physically active has many health benefits , including helping you to lose weight and lower your blood glucose levels. These both lower your risk of type 2 diabetes. Try to get at least 30 minutes of physical activity on most days of the week. The amount of exercise you need depends on your age and health. Even small amounts of exercise can be helpful. If you have not been active, talk with your health care provider to figure out which types of exercise are best for you. You can start slowly and work up to your goal."
What foods should I avoid with high blood sugar?,"It's also important to follow a healthy eating plan that includes smaller portions, less fat and sugar, and plenty of whole grains, fruits, and vegetables.",1,,"Topic: Diabetic Diet
Diabetic Diet (also called: Diabetic meal plan): Proteins , such as lean meats, chicken, turkey, fish, eggs, nuts, beans, lentils, and tofu

Nonfat or low-fat dairy , such as milk, yogurt, and cheese

What foods should I limit to control my blood glucose?

---

Topic: Diabetic Diet
Diabetic Diet (also called: Diabetic meal plan): The foods and drinks you should limit include:

High-carb foods and drinks , such as:

Sugary foods, such as candy, cookies, cake, ice cream, sweetened cereals, and canned fruits with added sugar

Drinks with added sugars, such as juice, regular soda, and regular sports or energy drinks

---

Topic: Hyperglycemia
Hyperglycemia (also called: High blood glucose, High blood sugar): Can hyperglycemia be prevented?

If you have diabetes, managing your diabetes can help prevent hyperglycemia. To manage your diabetes, it's important to:

Follow your diabetes meal plan

Get regular physical activity

Get regular physical activity

If you need diabetes medicines, take them correctly

Regularly check your blood glucose level

Get regular checkups with your health care team

---

Topic: Hyperglycemia
Hyperglycemia (also called: High blood glucose, High blood sugar): A key part of managing diabetes is controlling your blood glucose levels. To do this, you need to follow a diabetes meal plan and get regular physical activity . You might also need to take diabetes medicines . You have to balance all of these to keep your blood glucose at the right levels. But if you eat too much food or the wrong foods, don't take your medicines correctly, or don't get physical activity, you can get hyperglycemia. It can also happen if you are stressed or sick.

Less commonly, people who don't have diabetes can also get hyperglycemia. It can be caused by conditions that can affect insulin or glucose levels in your blood. They include problems with your pancreas or adrenal glands , certain medicines, and severe illnesses.

---

Topic: How to Prevent Diabetes
How to Prevent Diabetes: Follow a healthy eating plan. It is important to reduce the amount of calories you eat and drink each day, so you can lose weight and keep it off. To do that, your diet should include smaller portions and less fat and sugar. You should also eat a variety of foods from each food group, including plenty of whole grains, fruits, and vegetables. It's also a good idea to limit red meat and avoid processed meats.

Get regular exercise. Being physically active has many health benefits , including helping you to lose weight and lower your blood glucose levels. These both lower your risk of type 2 diabetes. Try to get at least 30 minutes of physical activity on most days of the week. The amount of exercise you need depends on your age and health. Even small amounts of exercise can be helpful. If you have not been active, talk with your health care provider to figure out which types of exercise are best for you. You can start slowly and work up to your goal."
What foods should I avoid with high blood sugar?,You should limit red meat and avoid processed meats .,1,,"Topic: Diabetic Diet
Diabetic Diet (also called: Diabetic meal plan): Proteins , such as lean meats, chicken, turkey, fish, eggs, nuts, beans, lentils, and tofu

Nonfat or low-fat dairy , such as milk, yogurt, and cheese

What foods should I limit to control my blood glucose?

---

Topic: Diabetic Diet
Diabetic Diet (also called: Diabetic meal plan): The foods and drinks you should limit include:

High-carb foods and drinks , such as:

Sugary foods, such as candy, cookies, cake, ice cream, sweetened cereals, and canned fruits with added sugar

Drinks with added sugars, such as juice, regular soda, and regular sports or energy drinks

---

Topic: Hyperglycemia
Hyperglycemia (also called: High blood glucose, High blood sugar): Can hyperglycemia be prevented?

If you have diabetes, managing your diabetes can help prevent hyperglycemia. To manage your diabetes, it's important to:

Follow your diabetes meal plan

Get regular physical activity

Get regular physical activity

If you need diabetes medicines, take them correctly

Regularly check your blood glucose level

Get regular checkups with your health care team

---

Topic: Hyperglycemia
Hyperglycemia (also called: High blood glucose, High blood sugar): A key part of managing diabetes is controlling your blood glucose levels. To do this, you need to follow a diabetes meal plan and get regular physical activity . You might also need to take diabetes medicines . You have to balance all of these to keep your blood glucose at the right levels. But if you eat too much food or the wrong foods, don't take your medicines correctly, or don't get physical activity, you can get hyperglycemia. It can also happen if you are stressed or sick.

Less commonly, people who don't have diabetes can also get hyperglycemia. It can be caused by conditions that can affect insulin or glucose levels in your blood. They include problems with your pancreas or adrenal glands , certain medicines, and severe illnesses.

---

Topic: How to Prevent Diabetes
How to Prevent Diabetes: Follow a healthy eating plan. It is important to reduce the amount of calories you eat and drink each day, so you can lose weight and keep it off. To do that, your diet should include smaller portions and less fat and sugar. You should also eat a variety of foods from each food group, including plenty of whole grains, fruits, and vegetables. It's also a good idea to limit red meat and avoid processed meats.

Get regular exercise. Being physically active has many health benefits , including helping you to lose weight and lower your blood glucose levels. These both lower your risk of type 2 diabetes. Try to get at least 30 minutes of physical activity on most days of the week. The amount of exercise you need depends on your age and health. Even small amounts of exercise can be helpful. If you have not been active, talk with your health care provider to figure out which types of exercise are best for you. You can start slowly and work up to your goal."
What are the side effects of blood thinners?,The most common side effect of blood thinners is bleeding .,1,,"Topic: Blood Thinners
Blood Thinners (also called: Anti-platelet drugs, Anticoagulants): What are the side effects of blood thinners?

Bleeding is the most common side effect of blood thinners. They can also cause an upset stomach, nausea , and diarrhea .

Other possible side effects can depend on which type of blood thinner that you are taking.

---

Topic: Blood Thinners
Blood Thinners (also called: Anti-platelet drugs, Anticoagulants): Other possible side effects can depend on which type of blood thinner that you are taking.

Call your provider if you have any sign of serious bleeding, such as:

Menstrual bleeding that is much heavier than normal

---

Topic: Drug Reactions
Drug Reactions (also called: Side effects): Two drugs, such as aspirin and blood thinners

Drugs and food, such as statins and grapefruit

Drugs and supplements, such as gingko and blood thinners

Drugs and medical conditions, such as aspirin and peptic ulcers

---

Topic: Vitamin E
Vitamin E: Vitamin E supplements may be harmful for people who take blood thinners and other medicines. Check with your health care provider before taking the supplements.

NIH: National Institutes of Health Office of Dietary Supplements

---

Topic: Pulmonary Embolism
Pulmonary Embolism (also called: Blood clots in the lung): Anticoagulants, or blood thinners , keep blood clots from getting larger and stop new clots from forming. You might get them as an injection, a pill, or through an I.V. (intravenous). They can cause bleeding, especially if you are taking other medicines that also thin your blood, such as aspirin.

Thrombolytics are medicines to dissolve blood clots. You may get them if you have large clots that cause severe symptoms or other serious complications. Thrombolytics can cause sudden bleeding, so they are used if your PE is serious and may be life-threatening."
What are the side effects of blood thinners?,"They can also cause an upset stomach, nausea, and diarrhea.",1,,"Topic: Blood Thinners
Blood Thinners (also called: Anti-platelet drugs, Anticoagulants): What are the side effects of blood thinners?

Bleeding is the most common side effect of blood thinners. They can also cause an upset stomach, nausea , and diarrhea .

Other possible side effects can depend on which type of blood thinner that you are taking.

---

Topic: Blood Thinners
Blood Thinners (also called: Anti-platelet drugs, Anticoagulants): Other possible side effects can depend on which type of blood thinner that you are taking.

Call your provider if you have any sign of serious bleeding, such as:

Menstrual bleeding that is much heavier than normal

---

Topic: Drug Reactions
Drug Reactions (also called: Side effects): Two drugs, such as aspirin and blood thinners

Drugs and food, such as statins and grapefruit

Drugs and supplements, such as gingko and blood thinners

Drugs and medical conditions, such as aspirin and peptic ulcers

---

Topic: Vitamin E
Vitamin E: Vitamin E supplements may be harmful for people who take blood thinners and other medicines. Check with your health care provider before taking the supplements.

NIH: National Institutes of Health Office of Dietary Supplements

---

Topic: Pulmonary Embolism
Pulmonary Embolism (also called: Blood clots in the lung): Anticoagulants, or blood thinners , keep blood clots from getting larger and stop new clots from forming. You might get them as an injection, a pill, or through an I.V. (intravenous). They can cause bleeding, especially if you are taking other medicines that also thin your blood, such as aspirin.

Thrombolytics are medicines to dissolve blood clots. You may get them if you have large clots that cause severe symptoms or other serious complications. Thrombolytics can cause sudden bleeding, so they are used if your PE is serious and may be life-threatening."
What are the side effects of blood thinners?,"Depending on the type of blood thinner you're taking, other possible side effects may occur.",1,,"Topic: Blood Thinners
Blood Thinners (also called: Anti-platelet drugs, Anticoagulants): What are the side effects of blood thinners?

Bleeding is the most common side effect of blood thinners. They can also cause an upset stomach, nausea , and diarrhea .

Other possible side effects can depend on which type of blood thinner that you are taking.

---

Topic: Blood Thinners
Blood Thinners (also called: Anti-platelet drugs, Anticoagulants): Other possible side effects can depend on which type of blood thinner that you are taking.

Call your provider if you have any sign of serious bleeding, such as:

Menstrual bleeding that is much heavier than normal

---

Topic: Drug Reactions
Drug Reactions (also called: Side effects): Two drugs, such as aspirin and blood thinners

Drugs and food, such as statins and grapefruit

Drugs and supplements, such as gingko and blood thinners

Drugs and medical conditions, such as aspirin and peptic ulcers

---

Topic: Vitamin E
Vitamin E: Vitamin E supplements may be harmful for people who take blood thinners and other medicines. Check with your health care provider before taking the supplements.

NIH: National Institutes of Health Office of Dietary Supplements

---

Topic: Pulmonary Embolism
Pulmonary Embolism (also called: Blood clots in the lung): Anticoagulants, or blood thinners , keep blood clots from getting larger and stop new clots from forming. You might get them as an injection, a pill, or through an I.V. (intravenous). They can cause bleeding, especially if you are taking other medicines that also thin your blood, such as aspirin.

Thrombolytics are medicines to dissolve blood clots. You may get them if you have large clots that cause severe symptoms or other serious complications. Thrombolytics can cause sudden bleeding, so they are used if your PE is serious and may be life-threatening."
What are the side effects of blood thinners?,"If you experience any sign of serious bleeding, such as menstrual bleeding that is much heavier than normal, it's important to call your provider .",1,,"Topic: Blood Thinners
Blood Thinners (also called: Anti-platelet drugs, Anticoagulants): What are the side effects of blood thinners?

Bleeding is the most common side effect of blood thinners. They can also cause an upset stomach, nausea , and diarrhea .

Other possible side effects can depend on which type of blood thinner that you are taking.

---

Topic: Blood Thinners
Blood Thinners (also called: Anti-platelet drugs, Anticoagulants): Other possible side effects can depend on which type of blood thinner that you are taking.

Call your provider if you have any sign of serious bleeding, such as:

Menstrual bleeding that is much heavier than normal

---

Topic: Drug Reactions
Drug Reactions (also called: Side effects): Two drugs, such as aspirin and blood thinners

Drugs and food, such as statins and grapefruit

Drugs and supplements, such as gingko and blood thinners

Drugs and medical conditions, such as aspirin and peptic ulcers

---

Topic: Vitamin E
Vitamin E: Vitamin E supplements may be harmful for people who take blood thinners and other medicines. Check with your health care provider before taking the supplements.

NIH: National Institutes of Health Office of Dietary Supplements

---

Topic: Pulmonary Embolism
Pulmonary Embolism (also called: Blood clots in the lung): Anticoagulants, or blood thinners , keep blood clots from getting larger and stop new clots from forming. You might get them as an injection, a pill, or through an I.V. (intravenous). They can cause bleeding, especially if you are taking other medicines that also thin your blood, such as aspirin.

Thrombolytics are medicines to dissolve blood clots. You may get them if you have large clots that cause severe symptoms or other serious complications. Thrombolytics can cause sudden bleeding, so they are used if your PE is serious and may be life-threatening."
What are the side effects of blood thinners?,"Additionally, be aware that Vitamin E supplements might be harmful for people who take blood thinners and other medicines.",1,,"Topic: Blood Thinners
Blood Thinners (also called: Anti-platelet drugs, Anticoagulants): What are the side effects of blood thinners?

Bleeding is the most common side effect of blood thinners. They can also cause an upset stomach, nausea , and diarrhea .

Other possible side effects can depend on which type of blood thinner that you are taking.

---

Topic: Blood Thinners
Blood Thinners (also called: Anti-platelet drugs, Anticoagulants): Other possible side effects can depend on which type of blood thinner that you are taking.

Call your provider if you have any sign of serious bleeding, such as:

Menstrual bleeding that is much heavier than normal

---

Topic: Drug Reactions
Drug Reactions (also called: Side effects): Two drugs, such as aspirin and blood thinners

Drugs and food, such as statins and grapefruit

Drugs and supplements, such as gingko and blood thinners

Drugs and medical conditions, such as aspirin and peptic ulcers

---

Topic: Vitamin E
Vitamin E: Vitamin E supplements may be harmful for people who take blood thinners and other medicines. Check with your health care provider before taking the supplements.

NIH: National Institutes of Health Office of Dietary Supplements

---

Topic: Pulmonary Embolism
Pulmonary Embolism (also called: Blood clots in the lung): Anticoagulants, or blood thinners , keep blood clots from getting larger and stop new clots from forming. You might get them as an injection, a pill, or through an I.V. (intravenous). They can cause bleeding, especially if you are taking other medicines that also thin your blood, such as aspirin.

Thrombolytics are medicines to dissolve blood clots. You may get them if you have large clots that cause severe symptoms or other serious complications. Thrombolytics can cause sudden bleeding, so they are used if your PE is serious and may be life-threatening."
What are the side effects of blood thinners?,It's recommended to check with your health care provider before taking the supplements .,1,,"Topic: Blood Thinners
Blood Thinners (also called: Anti-platelet drugs, Anticoagulants): What are the side effects of blood thinners?

Bleeding is the most common side effect of blood thinners. They can also cause an upset stomach, nausea , and diarrhea .

Other possible side effects can depend on which type of blood thinner that you are taking.

---

Topic: Blood Thinners
Blood Thinners (also called: Anti-platelet drugs, Anticoagulants): Other possible side effects can depend on which type of blood thinner that you are taking.

Call your provider if you have any sign of serious bleeding, such as:

Menstrual bleeding that is much heavier than normal

---

Topic: Drug Reactions
Drug Reactions (also called: Side effects): Two drugs, such as aspirin and blood thinners

Drugs and food, such as statins and grapefruit

Drugs and supplements, such as gingko and blood thinners

Drugs and medical conditions, such as aspirin and peptic ulcers

---

Topic: Vitamin E
Vitamin E: Vitamin E supplements may be harmful for people who take blood thinners and other medicines. Check with your health care provider before taking the supplements.

NIH: National Institutes of Health Office of Dietary Supplements

---

Topic: Pulmonary Embolism
Pulmonary Embolism (also called: Blood clots in the lung): Anticoagulants, or blood thinners , keep blood clots from getting larger and stop new clots from forming. You might get them as an injection, a pill, or through an I.V. (intravenous). They can cause bleeding, especially if you are taking other medicines that also thin your blood, such as aspirin.

Thrombolytics are medicines to dissolve blood clots. You may get them if you have large clots that cause severe symptoms or other serious complications. Thrombolytics can cause sudden bleeding, so they are used if your PE is serious and may be life-threatening."
What are the side effects of blood thinners?,"Also, if you're taking blood thinners, it's important to be cautious about combining them with other drugs like aspirin or certain foods like grapefruit, as this could potentially increase the risk of side effects .",1,,"Topic: Blood Thinners
Blood Thinners (also called: Anti-platelet drugs, Anticoagulants): What are the side effects of blood thinners?

Bleeding is the most common side effect of blood thinners. They can also cause an upset stomach, nausea , and diarrhea .

Other possible side effects can depend on which type of blood thinner that you are taking.

---

Topic: Blood Thinners
Blood Thinners (also called: Anti-platelet drugs, Anticoagulants): Other possible side effects can depend on which type of blood thinner that you are taking.

Call your provider if you have any sign of serious bleeding, such as:

Menstrual bleeding that is much heavier than normal

---

Topic: Drug Reactions
Drug Reactions (also called: Side effects): Two drugs, such as aspirin and blood thinners

Drugs and food, such as statins and grapefruit

Drugs and supplements, such as gingko and blood thinners

Drugs and medical conditions, such as aspirin and peptic ulcers

---

Topic: Vitamin E
Vitamin E: Vitamin E supplements may be harmful for people who take blood thinners and other medicines. Check with your health care provider before taking the supplements.

NIH: National Institutes of Health Office of Dietary Supplements

---

Topic: Pulmonary Embolism
Pulmonary Embolism (also called: Blood clots in the lung): Anticoagulants, or blood thinners , keep blood clots from getting larger and stop new clots from forming. You might get them as an injection, a pill, or through an I.V. (intravenous). They can cause bleeding, especially if you are taking other medicines that also thin your blood, such as aspirin.

Thrombolytics are medicines to dissolve blood clots. You may get them if you have large clots that cause severe symptoms or other serious complications. Thrombolytics can cause sudden bleeding, so they are used if your PE is serious and may be life-threatening."
What are the side effects of blood thinners?,"Lastly, keep in mind that anticoagulants can cause bleeding, especially if you are taking other medicines that also thin your blood .",1,,"Topic: Blood Thinners
Blood Thinners (also called: Anti-platelet drugs, Anticoagulants): What are the side effects of blood thinners?

Bleeding is the most common side effect of blood thinners. They can also cause an upset stomach, nausea , and diarrhea .

Other possible side effects can depend on which type of blood thinner that you are taking.

---

Topic: Blood Thinners
Blood Thinners (also called: Anti-platelet drugs, Anticoagulants): Other possible side effects can depend on which type of blood thinner that you are taking.

Call your provider if you have any sign of serious bleeding, such as:

Menstrual bleeding that is much heavier than normal

---

Topic: Drug Reactions
Drug Reactions (also called: Side effects): Two drugs, such as aspirin and blood thinners

Drugs and food, such as statins and grapefruit

Drugs and supplements, such as gingko and blood thinners

Drugs and medical conditions, such as aspirin and peptic ulcers

---

Topic: Vitamin E
Vitamin E: Vitamin E supplements may be harmful for people who take blood thinners and other medicines. Check with your health care provider before taking the supplements.

NIH: National Institutes of Health Office of Dietary Supplements

---

Topic: Pulmonary Embolism
Pulmonary Embolism (also called: Blood clots in the lung): Anticoagulants, or blood thinners , keep blood clots from getting larger and stop new clots from forming. You might get them as an injection, a pill, or through an I.V. (intravenous). They can cause bleeding, especially if you are taking other medicines that also thin your blood, such as aspirin.

Thrombolytics are medicines to dissolve blood clots. You may get them if you have large clots that cause severe symptoms or other serious complications. Thrombolytics can cause sudden bleeding, so they are used if your PE is serious and may be life-threatening."
What are the side effects of blood thinners?,"If you have any concerns or questions about your specific situation, it's best to consult with your healthcare provider.",1,,"Topic: Blood Thinners
Blood Thinners (also called: Anti-platelet drugs, Anticoagulants): What are the side effects of blood thinners?

Bleeding is the most common side effect of blood thinners. They can also cause an upset stomach, nausea , and diarrhea .

Other possible side effects can depend on which type of blood thinner that you are taking.

---

Topic: Blood Thinners
Blood Thinners (also called: Anti-platelet drugs, Anticoagulants): Other possible side effects can depend on which type of blood thinner that you are taking.

Call your provider if you have any sign of serious bleeding, such as:

Menstrual bleeding that is much heavier than normal

---

Topic: Drug Reactions
Drug Reactions (also called: Side effects): Two drugs, such as aspirin and blood thinners

Drugs and food, such as statins and grapefruit

Drugs and supplements, such as gingko and blood thinners

Drugs and medical conditions, such as aspirin and peptic ulcers

---

Topic: Vitamin E
Vitamin E: Vitamin E supplements may be harmful for people who take blood thinners and other medicines. Check with your health care provider before taking the supplements.

NIH: National Institutes of Health Office of Dietary Supplements

---

Topic: Pulmonary Embolism
Pulmonary Embolism (also called: Blood clots in the lung): Anticoagulants, or blood thinners , keep blood clots from getting larger and stop new clots from forming. You might get them as an injection, a pill, or through an I.V. (intravenous). They can cause bleeding, especially if you are taking other medicines that also thin your blood, such as aspirin.

Thrombolytics are medicines to dissolve blood clots. You may get them if you have large clots that cause severe symptoms or other serious complications. Thrombolytics can cause sudden bleeding, so they are used if your PE is serious and may be life-threatening."
