question,group,arm,level,fkgl,fre,words,relevancy,faithfulness,n_sentences,refused,cited_any,citation_precision,n_citations,hit,rank,rr,context_precision,useful_chunks
What are the treatments for Transient Ischemic Attack?,"Blood, Heart and Circulation",rag,none,10.9,51.6,100,4,1.0,5,False,True,1.0,2.0,1,3,0.333,0.6,3
What are the treatments for Transient Ischemic Attack?,"Blood, Heart and Circulation",baseline,none,11.6,49.9,213,4,1.0,10,False,,,,1,3,0.333,0.6,3
What is (are) Scleroderma?,"Skin, Hair and Nails",rag,none,10.8,46.5,103,4,1.0,6,False,True,0.8,5.0,1,1,1.0,0.6,3
What is (are) Scleroderma?,"Skin, Hair and Nails",baseline,none,12.5,42.2,123,4,0.83,6,False,,,,1,1,1.0,0.6,3
What is (are) Skin Conditions?,"Skin, Hair and Nails",rag,none,11.3,45.2,73,4,1.0,4,False,True,1.0,3.0,1,1,1.0,1.0,5
What is (are) Skin Conditions?,"Skin, Hair and Nails",baseline,none,9.2,66.8,128,4,1.0,6,False,,,,1,1,1.0,1.0,5
What are the treatments for Carpal Tunnel Syndrome?,"Bones, Joints and Muscles",rag,none,13.2,45.6,53,4,1.0,2,False,True,1.0,2.0,1,1,1.0,0.4,2
What are the treatments for Carpal Tunnel Syndrome?,"Bones, Joints and Muscles",baseline,none,10.6,52.5,224,5,0.83,12,False,,,,1,1,1.0,0.4,2
How many people are affected by Hemorrhoids?,Digestive System,rag,none,17.5,23.6,61,2,,0,True,False,,0.0,1,1,1.0,0.4,2
How many people are affected by Hemorrhoids?,Digestive System,baseline,none,10.4,52.9,73,4,1.0,4,False,,,,1,1,1.0,0.4,2
What are the treatments for Gaucher Disease?,Genetics/Birth Defects,rag,none,8.0,70.1,38,4,1.0,2,False,True,1.0,2.0,1,1,1.0,0.4,2
What are the treatments for Gaucher Disease?,Genetics/Birth Defects,baseline,none,11.5,50.2,252,5,0.58,12,False,,,,1,1,1.0,0.4,2
Do you have information about Rehabilitation,Surgery and Rehabilitation,rag,none,9.5,49.8,65,4,1.0,4,False,False,,0.0,1,1,1.0,1.0,5
Do you have information about Rehabilitation,Surgery and Rehabilitation,baseline,none,13.3,29.4,165,4,0.8,10,False,,,,1,1,1.0,1.0,5
What are the treatments for Myasthenia Gravis?,Brain and Nerves,rag,none,8.9,62.2,36,4,1.0,2,False,True,1.0,1.0,1,1,1.0,0.4,2
What are the treatments for Myasthenia Gravis?,Brain and Nerves,baseline,none,9.6,55.1,274,5,0.47,17,False,,,,1,1,1.0,0.4,2
What are the symptoms of Abdominal Adhesions?,Digestive System,rag,none,11.0,46.0,69,4,0.75,4,False,True,1.0,2.0,1,1,1.0,0.6,3
What are the symptoms of Abdominal Adhesions?,Digestive System,baseline,none,10.5,52.7,203,5,1.0,11,False,,,,1,1,1.0,0.6,3
Do you have information about Health Screening,Wellness and Lifestyle,rag,none,10.2,53.6,162,4,1.0,9,False,True,1.0,4.0,1,1,1.0,0.6,3
Do you have information about Health Screening,Wellness and Lifestyle,baseline,none,8.5,68.8,270,4,0.86,14,False,,,,1,1,1.0,0.6,3
